AccX,AccY,AccZ,GyroX,GyroY,GyroZ
0.162598,-0.0866699,-0.969482,-0.923664,3.69466,0.824427
